Year,total_households,hhWoCars,hhWCars,HHCarOwnershipRates
2010,"154,677","10,620","144,057",93.1340794
2011,"158,354","10,706","147,648",93.23919825
2012,"160,020","10,719","149,301",93.30146232
2013,"162,573","10,662","151,911",93.44171541
2014,"166,316","10,478","155,838",93.69994468
2015,"170,366","10,367","159,999",93.91486564
2016,"174,014","10,298","163,716",94.08208535
2017,"176,870","10,181","166,689",94.24379488